<?xml version="1.0" encoding="UTF-8"?>
<!DOCTYPE hibernate-configuration PUBLIC
		"-//Hibernate/Hibernate Configuration DTD 3.0//EN"
		"http://www.hibernate.org/dtd/hibernate-configuration-3.0.dtd">
<hibernate-configuration>
	<session-factory>
		<property name="hibernate.connection.driver_class">com.mysql.jdbc.Driver</property>
		<property name="hibernate.connection.url">jdbc:mysql://localhost:3306/quanlysinhvien</property>
		<property name="hibernate.connection.username">root</property>
		<property name="hibernate.connection.password"></property>
		<property name="hibernate.dialect">org.hibernate.dialect.MySQL8Dialect</property>
		<!-- <property name="hibernate.showsql">true</property> -->
		<property name="hibernate.hbm2ddl.auto">update</property>
		<!-- mapping -->
		<mapping class="model.User" />
		<mapping class="model.SinhVien" />
		<mapping class="model.GiangVien" />
		<mapping class="model.MonHoc" />

	</session-factory>
</hibernate-configuration>
